grain_num	clip_index	start	end	ms	wav
0	0	0	541	42	grain_000_clip000.wav
1	1	541	980	34	grain_001_clip001.wav
2	2	980	1316	26	grain_002_clip002.wav
3	3	1316	1860	42	grain_003_clip003.wav
4	4	1860	2311	35	grain_004_clip004.wav
5	5	2311	2634	25	grain_005_clip005.wav
6	6	2634	3178	42	grain_006_clip006.wav
7	7	3178	3632	35	grain_007_clip007.wav
8	8	3632	3953	25	grain_008_clip008.wav
9	9	3953	4490	41	grain_009_clip009.wav
10	10	4490	4925	33	grain_010_clip010.wav
11	11	4925	5277	27	grain_011_clip011.wav
12	15	5277	5831	43	grain_012_clip015.wav
13	16	5831	6260	33	grain_013_clip016.wav
14	17	6260	6597	26	grain_014_clip017.wav
15	18	6597	7149	42	grain_015_clip018.wav
16	19	7149	7585	34	grain_016_clip019.wav
17	20	7585	7928	26	grain_017_clip020.wav
18	21	7928	8474	42	grain_018_clip021.wav
19	22	8474	8911	34	grain_019_clip022.wav
20	23	8911	9244	26	grain_020_clip023.wav
21	24	9244	9772	41	grain_021_clip024.wav
22	25	9772	10223	35	grain_022_clip025.wav
23	26	10223	10542	25	grain_023_clip026.wav
24	27	10542	11081	41	grain_024_clip027.wav
25	28	11081	11512	33	grain_025_clip028.wav
26	29	11512	11837	25	grain_026_clip029.wav
27	30	11837	12377	42	grain_027_clip030.wav
28	31	12377	12806	33	grain_028_clip031.wav
29	32	12806	13129	25	grain_029_clip032.wav
30	33	13129	13669	42	grain_030_clip033.wav
31	34	13669	14101	33	grain_031_clip034.wav
32	35	14101	14422	25	grain_032_clip035.wav
33	36	14422	14950	41	grain_033_clip036.wav
34	37	14950	15370	32	grain_034_clip037.wav
35	38	15370	15687	24	grain_035_clip038.wav
36	39	15687	16216	41	grain_036_clip039.wav
37	40	16216	16642	33	grain_037_clip040.wav
38	41	16642	16972	25	grain_038_clip041.wav
39	67	16972	17272	23	grain_039_clip067.wav
40	68	17272	17612	26	grain_040_clip068.wav
41	69	17612	17920	24	grain_041_clip069.wav
42	70	17920	18263	26	grain_042_clip070.wav
43	71	18263	18542	21	grain_043_clip071.wav
44	73	18542	18980	34	grain_044_clip073.wav
45	74	18980	19314	26	grain_045_clip074.wav
46	75	19314	19876	43	grain_046_clip075.wav
47	76	19876	20688	62	grain_047_clip076.wav
48	77	20688	21035	27	grain_048_clip077.wav
49	78	21035	21036	0	grain_049_clip078.wav
50	79	21036	21373	26	grain_050_clip079.wav
51	80	21373	22049	52	grain_051_clip080.wav
52	81	22049	22473	33	grain_052_clip081.wav
53	82	22473	22773	23	grain_053_clip082.wav
54	83	22773	23304	41	grain_054_clip083.wav
55	85	23304	23703	31	grain_055_clip085.wav
56	86	23703	24253	42	grain_056_clip086.wav
57	87	24253	24682	33	grain_057_clip087.wav
58	88	24682	25105	33	grain_058_clip088.wav
59	89	25105	25533	33	grain_059_clip089.wav
60	90	25533	25831	23	grain_060_clip090.wav
61	91	25831	26168	26	grain_061_clip091.wav
62	92	26168	26793	48	grain_062_clip092.wav
63	93	26793	26952	12	grain_063_clip093.wav
64	94	26952	27318	28	grain_064_clip094.wav
65	95	27318	27803	37	grain_065_clip095.wav
66	96	27803	27913	8	grain_066_clip096.wav
67	97	27913	28242	25	grain_067_clip097.wav
68	98	28242	28568	25	grain_068_clip098.wav
69	99	28568	29227	51	grain_069_clip099.wav
70	100	29227	29616	30	grain_070_clip100.wav
71	101	29616	30071	35	grain_071_clip101.wav
72	102	30071	30358	22	grain_072_clip102.wav
73	103	30358	31006	50	grain_073_clip103.wav
74	104	31006	31477	36	grain_074_clip104.wav
75	105	31477	31678	15	grain_075_clip105.wav
76	106	31678	31928	19	grain_076_clip106.wav
77	107	31928	32437	39	grain_077_clip107.wav
78	108	32437	32438	0	grain_078_clip108.wav
79	109	32438	32776	26	grain_079_clip109.wav
80	110	32776	33221	34	grain_080_clip110.wav
81	111	33221	33777	43	grain_081_clip111.wav
82	112	33777	34235	35	grain_082_clip112.wav
83	113	34235	34697	36	grain_083_clip113.wav
84	136	34697	35145	34	grain_084_clip136.wav
85	137	35145	35482	26	grain_085_clip137.wav
86	138	35482	35615	10	grain_086_clip138.wav
87	145	35615	36050	33	grain_087_clip145.wav
88	146	36050	36914	66	grain_088_clip146.wav
89	188	36914	37214	23	grain_089_clip188.wav
90	189	37214	37459	19	grain_090_clip189.wav
91	212	37459	37709	19	grain_091_clip212.wav
92	213	37709	38228	40	grain_092_clip213.wav
93	215	38228	38534	24	grain_093_clip215.wav
94	216	38534	38894	28	grain_094_clip216.wav
95	218	38894	39520	48	grain_095_clip218.wav
96	219	39520	40000	37	grain_096_clip219.wav
97	221	40000	40424	33	grain_097_clip221.wav
98	222	40424	41025	46	grain_098_clip222.wav
99	293	41025	41318	23	grain_099_clip293.wav
100	294	41318	41653	26	grain_100_clip294.wav
101	295	41653	42089	34	grain_101_clip295.wav
102	296	42089	42403	24	grain_102_clip296.wav
103	298	42403	42713	24	grain_103_clip298.wav
104	299	42713	43057	26	grain_104_clip299.wav
105	300	43057	43289	18	grain_105_clip300.wav
106	301	43289	43502	16	grain_106_clip301.wav
107	302	43502	43816	24	grain_107_clip302.wav
108	305	43816	44120	23	grain_108_clip305.wav
109	306	44120	44539	32	grain_109_clip306.wav
110	307	44539	44852	24	grain_110_clip307.wav
111	308	44852	45267	32	grain_111_clip308.wav
112	309	45267	45571	23	grain_112_clip309.wav
113	310	45571	46218	50	grain_113_clip310.wav
114	314	46218	46545	25	grain_114_clip314.wav
115	315	46545	46827	22	grain_115_clip315.wav
116	316	46827	47143	24	grain_116_clip316.wav
117	317	47143	47449	24	grain_117_clip317.wav
118	318	47449	47750	23	grain_118_clip318.wav
119	319	47750	48050	23	grain_119_clip319.wav
120	320	48050	48446	30	grain_120_clip320.wav
121	335	48446	48732	22	grain_121_clip335.wav
122	336	48732	49042	24	grain_122_clip336.wav
123	337	49042	49562	40	grain_123_clip337.wav
124	338	49562	49884	25	grain_124_clip338.wav
125	340	49884	50198	24	grain_125_clip340.wav
126	341	50198	50501	23	grain_126_clip341.wav
127	342	50501	50828	25	grain_127_clip342.wav
128	343	50828	51156	25	grain_128_clip343.wav
129	344	51156	51473	24	grain_129_clip344.wav
130	345	51473	51771	23	grain_130_clip345.wav
131	347	51771	52163	30	grain_131_clip347.wav
132	348	52163	52572	31	grain_132_clip348.wav
133	363	52572	52760	14	grain_133_clip363.wav
134	364	52760	53100	26	grain_134_clip364.wav
135	365	53100	53422	25	grain_135_clip365.wav
136	366	53422	53646	17	grain_136_clip366.wav
137	368	53646	53963	24	grain_137_clip368.wav
138	369	53963	54405	34	grain_138_clip369.wav
139	370	54405	54759	27	grain_139_clip370.wav
140	371	54759	55070	24	grain_140_clip371.wav
141	372	55070	55489	32	grain_141_clip372.wav
142	373	55489	55826	26	grain_142_clip373.wav
143	374	55826	56150	25	grain_143_clip374.wav
144	375	56150	56450	23	grain_144_clip375.wav
145	376	56450	56760	24	grain_145_clip376.wav
146	378	56760	57178	32	grain_146_clip378.wav
147	379	57178	57382	16	grain_147_clip379.wav
148	380	57382	57702	25	grain_148_clip380.wav
149	382	57702	58241	41	grain_149_clip382.wav
150	383	58241	58767	40	grain_150_clip383.wav
151	384	58767	59096	25	grain_151_clip384.wav
152	385	59096	59403	24	grain_152_clip385.wav
153	386	59403	59832	33	grain_153_clip386.wav
154	387	59832	60146	24	grain_154_clip387.wav
155	389	60146	60551	31	grain_155_clip389.wav
156	390	60551	60956	31	grain_156_clip390.wav
157	405	60956	61250	23	grain_157_clip405.wav
158	406	61250	61569	25	grain_158_clip406.wav
159	407	61569	61997	33	grain_159_clip407.wav
160	408	61997	62307	24	grain_160_clip408.wav
161	410	62307	62627	25	grain_161_clip410.wav
162	411	62627	62928	23	grain_162_clip411.wav
163	412	62928	63362	33	grain_163_clip412.wav
164	413	63362	63666	23	grain_164_clip413.wav
165	414	63666	63984	24	grain_165_clip414.wav
166	415	63984	64388	31	grain_166_clip415.wav
167	416	64388	64731	26	grain_167_clip416.wav
168	417	64731	65031	23	grain_168_clip417.wav
169	418	65031	65431	31	grain_169_clip418.wav
170	419	65431	65744	24	grain_170_clip419.wav
171	420	65744	66160	32	grain_171_clip420.wav
172	421	66160	66577	32	grain_172_clip421.wav
173	422	66577	66986	31	grain_173_clip422.wav
174	424	66986	67426	34	grain_174_clip424.wav
175	425	67426	67844	32	grain_175_clip425.wav
176	426	67844	68277	33	grain_176_clip426.wav
177	427	68277	68572	23	grain_177_clip427.wav
178	428	68572	68996	33	grain_178_clip428.wav
179	429	68996	69405	31	grain_179_clip429.wav
180	430	69405	69721	24	grain_180_clip430.wav
181	431	69721	70126	31	grain_181_clip431.wav
182	432	70126	70525	31	grain_182_clip432.wav
183	447	70525	70798	21	grain_183_clip447.wav
184	448	70798	71119	25	grain_184_clip448.wav
185	449	71119	71568	35	grain_185_clip449.wav
186	450	71568	71905	26	grain_186_clip450.wav
187	453	71905	72321	32	grain_187_clip453.wav
188	454	72321	72646	25	grain_188_clip454.wav
189	455	72646	73048	31	grain_189_clip455.wav
190	456	73048	73363	24	grain_190_clip456.wav
191	457	73363	73735	29	grain_191_clip457.wav
192	458	73735	74031	23	grain_192_clip458.wav
193	459	74031	74337	24	grain_193_clip459.wav
194	475	74337	74531	15	grain_194_clip475.wav
195	476	74531	74778	19	grain_195_clip476.wav
196	477	74778	75103	25	grain_196_clip477.wav
197	478	75103	75554	35	grain_197_clip478.wav
198	480	75554	75971	32	grain_198_clip480.wav
199	481	75971	76389	32	grain_199_clip481.wav
200	482	76389	76744	27	grain_200_clip482.wav
201	483	76744	77063	25	grain_201_clip483.wav
202	485	77063	77394	25	grain_202_clip485.wav
203	486	77394	77694	23	grain_203_clip486.wav
204	487	77694	78087	30	grain_204_clip487.wav
205	488	78087	78489	31	grain_205_clip488.wav
206	489	78489	79101	47	grain_206_clip489.wav
207	490	79101	79501	31	grain_207_clip490.wav
208	491	79501	79912	32	grain_208_clip491.wav
209	492	79912	80329	32	grain_209_clip492.wav
210	494	80329	80648	25	grain_210_clip494.wav
211	495	80648	80955	24	grain_211_clip495.wav
212	496	80955	81271	24	grain_212_clip496.wav
213	497	81271	81767	38	grain_213_clip497.wav
214	498	81767	82080	24	grain_214_clip498.wav
215	499	82080	82497	32	grain_215_clip499.wav
216	500	82497	82797	23	grain_216_clip500.wav
217	501	82797	83207	32	grain_217_clip501.wav
218	502	83207	83608	31	grain_218_clip502.wav
219	506	83608	83942	26	grain_219_clip506.wav
220	587	83942	84242	23	grain_220_clip587.wav
221	588	84242	84767	40	grain_221_clip588.wav
222	589	84767	85399	49	grain_222_clip589.wav
223	590	85399	85799	31	grain_223_clip590.wav
224	592	85799	86438	49	grain_224_clip592.wav
225	593	86438	86877	34	grain_225_clip593.wav
226	594	86877	87228	27	grain_226_clip594.wav
227	595	87228	87669	34	grain_227_clip595.wav
228	598	87669	88003	26	grain_228_clip598.wav
229	599	88003	88437	33	grain_229_clip599.wav
230	600	88437	88829	30	grain_230_clip600.wav
231	601	88829	89155	25	grain_231_clip601.wav
232	602	89155	89487	26	grain_232_clip602.wav
233	603	89487	89825	26	grain_233_clip603.wav
234	604	89825	90174	27	grain_234_clip604.wav
235	606	90174	90633	35	grain_235_clip606.wav
236	607	90633	91068	33	grain_236_clip607.wav
237	608	91068	91531	36	grain_237_clip608.wav
238	610	91531	91988	35	grain_238_clip610.wav
239	612	91988	92421	33	grain_239_clip612.wav
240	613	92421	92859	34	grain_240_clip613.wav
241	614	92859	93294	33	grain_241_clip614.wav
242	615	93294	93921	48	grain_242_clip615.wav
243	616	93921	94454	41	grain_243_clip616.wav
244	617	94454	94978	40	grain_244_clip617.wav
245	618	94978	95530	42	grain_245_clip618.wav
246	621	95530	96047	40	grain_246_clip621.wav
247	626	96047	96571	40	grain_247_clip626.wav
248	629	96571	97004	33	grain_248_clip629.wav
249	632	97004	97453	35	grain_249_clip632.wav
